B列,C列,D列
,,寸法検査表
,,
S角７４シリマ,,
,,
,,
,,
,,
,A,B
,75,
,,
=C$9-2,,
=C$9-1.9,,
=C$9-1.8,,
=C$9-1.7,,
=C$9-1.6,,
=C$9-1.5,,
=C$9-1.4,,
=C$9-1.3,,
=C$9-1.2,,
=C$9-1.1,,
=C$9-1,,
=C$9-0.9,,
=C$9-0.8,,
=C$9-0.7,,
=C$9-0.6,,
=C$9-0.5,,
=C$9-0.4,,
=C$9-0.3,,
=C$9-0.2,,
=C$9-0.1,,
=C$9,,
=C$9+0.1,,
=C$9+0.2,,
=C$9+0.3,,
=C$9+0.4,,
=C$9+0.5,,
=C$9+0.6,,
=C$9+0.7,,
=C$9+0.8,,
=C$9+0.9,,
=C$9+1,,
=C$9+1.1,,
=C$9+1.2,,
=C$9+1.3,,
=C$9+1.4,,
=C$9+1.5,,
=C$9+1.6,,
=C$9+1.7,,
=C$9+1.8,,
=C$9+1.9,,
=C$9+2,,
Sheet1,,
Sheet1,,
Sheet1,,
Sheet1,,
Sheet1,,
Sheet1,,
Sheet1,,
Sheet1,,
Sheet1,,
Sheet1,,
Sheet1,,
Sheet1,,
Sheet1,,
Sheet1,,
Sheet1,,
Sheet1,,
Sheet1,,
Sheet1,,
Sheet1,,
Sheet1,,
Sheet1,,
Sheet1,,
Sheet1,,
Sheet1,,
Sheet1,,
Sheet1,,
Sheet1,,
Sheet1,,
Sheet1,,
Sheet1,,
Sheet1,,
Sheet1,,
Sheet1,,
Sheet1,,
Sheet1,,
Sheet1,,
Sheet1,,
Sheet1,,
Sheet1,,
Sheet1,,
Sheet1,,
Sheet1,,
Sheet1,,
Sheet1,,
Sheet1,,
Sheet1,,
Sheet1,,
Sheet1,,
Sheet1,,
Sheet1,,
Sheet1,,
,,寸法検査表
,,
S角７４シリマ,,
,,
,,
,,
,,
,A,B
,75,
,,
=C$9-2,,
=C$9-1.9,,
=C$9-1.8,,
=C$9-1.7,,
=C$9-1.6,,
=C$9-1.5,,
=C$9-1.4,,
=C$9-1.3,,
=C$9-1.2,,
=C$9-1.1,,
=C$9-1,,
=C$9-0.9,,
=C$9-0.8,7,
=C$9-0.7,1,
=C$9-0.6,3,
=C$9-0.5,7,
=C$9-0.4,7,
=C$9-0.3,8,
=C$9-0.2,4,
=C$9-0.1,2,
=C$9,,
=C$9+0.1,1,
=C$9+0.2,,
=C$9+0.3,,
=C$9+0.4,,
=C$9+0.5,,
=C$9+0.6,,
=C$9+0.7,,
=C$9+0.8,,
=C$9+0.9,,
=C$9+1,,
=C$9+1.1,,
=C$9+1.2,,
=C$9+1.3,,
=C$9+1.4,,
=C$9+1.5,,
=C$9+1.6,,
=C$9+1.7,,
=C$9+1.8,,
=C$9+1.9,,
=C$9+2,,
20230629,,
20230629,,
20230629,,
20230629,,
20230629,,
20230629,,
20230629,,
20230629,,
20230629,,
20230629,,
20230629,,
20230629,,
20230629,,
20230629,,
20230629,,
20230629,,
20230629,,
20230629,,
20230629,,
20230629,,
20230629,,
20230629,,
20230629,,
20230629,,
20230629,,
20230629,,
20230629,,
20230629,,
20230629,,
20230629,,
20230629,,
20230629,,
20230629,,
20230629,,
20230629,,
20230629,,
20230629,,
20230629,,
20230629,,
20230629,,
20230629,,
20230629,,
20230629,,
20230629,,
20230629,,
20230629,,
20230629,,
20230629,,
20230629,,
20230629,,
20230629,,
,,寸法検査表
,,
S角７４シリマ,,
,,
,,
,,
,,
,A,B
,75,
,,
=C$9-2,,
=C$9-1.9,,
=C$9-1.8,,
=C$9-1.7,,
=C$9-1.6,,
=C$9-1.5,,
=C$9-1.4,,
=C$9-1.3,,
=C$9-1.2,,
=C$9-1.1,,
=C$9-1,,
=C$9-0.9,,
=C$9-0.8,,
=C$9-0.7,1,
=C$9-0.6,4,
=C$9-0.5,8,
=C$9-0.4,3,
=C$9-0.3,2,
=C$9-0.2,1,
=C$9-0.1,,
=C$9,,
=C$9+0.1,,
=C$9+0.2,,
=C$9+0.3,,
=C$9+0.4,,
=C$9+0.5,,
=C$9+0.6,,
=C$9+0.7,,
=C$9+0.8,,
=C$9+0.9,,
=C$9+1,,
=C$9+1.1,,
=C$9+1.2,,
=C$9+1.3,,
=C$9+1.4,,
=C$9+1.5,,
=C$9+1.6,,
=C$9+1.7,,
=C$9+1.8,,
=C$9+1.9,,
=C$9+2,,
20230628,,
20230628,,
20230628,,
20230628,,
20230628,,
20230628,,
20230628,,
20230628,,
20230628,,
20230628,,
20230628,,
20230628,,
20230628,,
20230628,,
20230628,,
20230628,,
20230628,,
20230628,,
20230628,,
20230628,,
20230628,,
20230628,,
20230628,,
20230628,,
20230628,,
20230628,,
20230628,,
20230628,,
20230628,,
20230628,,
20230628,,
20230628,,
20230628,,
20230628,,
20230628,,
20230628,,
20230628,,
20230628,,
20230628,,
20230628,,
20230628,,
20230628,,
20230628,,
20230628,,
20230628,,
20230628,,
20230628,,
20230628,,
20230628,,
20230628,,
20230628,,
,,寸法検査表
,,
S角７４シリマ,,
,,
,,
,,
,,
,A,B
,75,
,,
=C$9-2,,
=C$9-1.9,,
=C$9-1.8,,
=C$9-1.7,,
=C$9-1.6,,
=C$9-1.5,,
=C$9-1.4,,
=C$9-1.3,,
=C$9-1.2,,
=C$9-1.1,,
=C$9-1,,
=C$9-0.9,1,
=C$9-0.8,,
=C$9-0.7,4,
=C$9-0.6,3,
=C$9-0.5,8,
=C$9-0.4,3,
=C$9-0.3,,
=C$9-0.2,1,
=C$9-0.1,,
=C$9,,
=C$9+0.1,,
=C$9+0.2,,
=C$9+0.3,,
=C$9+0.4,,
=C$9+0.5,,
=C$9+0.6,,
=C$9+0.7,,
=C$9+0.8,,
=C$9+0.9,,
=C$9+1,,
=C$9+1.1,,
=C$9+1.2,,
=C$9+1.3,,
=C$9+1.4,,
=C$9+1.5,,
=C$9+1.6,,
=C$9+1.7,,
=C$9+1.8,,
=C$9+1.9,,
=C$9+2,,
20230627,,
20230627,,
20230627,,
20230627,,
20230627,,
20230627,,
20230627,,
20230627,,
20230627,,
20230627,,
20230627,,
20230627,,
20230627,,
20230627,,
20230627,,
20230627,,
20230627,,
20230627,,
20230627,,
20230627,,
20230627,,
20230627,,
20230627,,
20230627,,
20230627,,
20230627,,
20230627,,
20230627,,
20230627,,
20230627,,
20230627,,
20230627,,
20230627,,
20230627,,
20230627,,
20230627,,
20230627,,
20230627,,
20230627,,
20230627,,
20230627,,
20230627,,
20230627,,
20230627,,
20230627,,
20230627,,
20230627,,
20230627,,
20230627,,
20230627,,
20230627,,
,,寸法検査表
,,
S角７４シリマ,,
,,
,,
,,
,,
,A,B
,75,
,,
=C$9-2,,
=C$9-1.9,,
=C$9-1.8,,
=C$9-1.7,,
=C$9-1.6,,
=C$9-1.5,,
=C$9-1.4,,
=C$9-1.3,,
=C$9-1.2,,
=C$9-1.1,,
=C$9-1,,
=C$9-0.9,1,
=C$9-0.8,2,
=C$9-0.7,6,
=C$9-0.6,10,
=C$9-0.5,6,
=C$9-0.4,6,
=C$9-0.3,2,
=C$9-0.2,4,
=C$9-0.1,1,
=C$9,,
=C$9+0.1,,
=C$9+0.2,,
=C$9+0.3,,
=C$9+0.4,,
=C$9+0.5,,
=C$9+0.6,,
=C$9+0.7,,
=C$9+0.8,,
=C$9+0.9,,
=C$9+1,,
=C$9+1.1,,
=C$9+1.2,,
=C$9+1.3,,
=C$9+1.4,,
=C$9+1.5,,
=C$9+1.6,,
=C$9+1.7,,
=C$9+1.8,,
=C$9+1.9,,
=C$9+2,,
20230626,,
20230626,,
20230626,,
20230626,,
20230626,,
20230626,,
20230626,,
20230626,,
20230626,,
20230626,,
20230626,,
20230626,,
20230626,,
20230626,,
20230626,,
20230626,,
20230626,,
20230626,,
20230626,,
20230626,,
20230626,,
20230626,,
20230626,,
20230626,,
20230626,,
20230626,,
20230626,,
20230626,,
20230626,,
20230626,,
20230626,,
20230626,,
20230626,,
20230626,,
20230626,,
20230626,,
20230626,,
20230626,,
20230626,,
20230626,,
20230626,,
20230626,,
20230626,,
20230626,,
20230626,,
20230626,,
20230626,,
20230626,,
20230626,,
20230626,,
20230626,,
,,寸法検査表
,,
S角７４シリマ,,
,,
,,
,,
,,
,A,B
,75,
,,
=C$9-2,,
=C$9-1.9,,
=C$9-1.8,,
=C$9-1.7,,
=C$9-1.6,,
=C$9-1.5,,
=C$9-1.4,,
=C$9-1.3,,
=C$9-1.2,,
=C$9-1.1,,
=C$9-1,,
=C$9-0.9,2,
=C$9-0.8,3,
=C$9-0.7,1,
=C$9-0.6,4,
=C$9-0.5,5,
=C$9-0.4,3,
=C$9-0.3,2,
=C$9-0.2,,
=C$9-0.1,,
=C$9,,
=C$9+0.1,,
=C$9+0.2,,
=C$9+0.3,,
=C$9+0.4,,
=C$9+0.5,,
=C$9+0.6,,
=C$9+0.7,,
=C$9+0.8,,
=C$9+0.9,,
=C$9+1,,
=C$9+1.1,,
=C$9+1.2,,
=C$9+1.3,,
=C$9+1.4,,
=C$9+1.5,,
=C$9+1.6,,
=C$9+1.7,,
=C$9+1.8,,
=C$9+1.9,,
=C$9+2,,
20230622,,
20230622,,
20230622,,
20230622,,
20230622,,
20230622,,
20230622,,
20230622,,
20230622,,
20230622,,
20230622,,
20230622,,
20230622,,
20230622,,
20230622,,
20230622,,
20230622,,
20230622,,
20230622,,
20230622,,
20230622,,
20230622,,
20230622,,
20230622,,
20230622,,
20230622,,
20230622,,
20230622,,
20230622,,
20230622,,
20230622,,
20230622,,
20230622,,
20230622,,
20230622,,
20230622,,
20230622,,
20230622,,
20230622,,
20230622,,
20230622,,
20230622,,
20230622,,
20230622,,
20230622,,
20230622,,
20230622,,
20230622,,
20230622,,
20230622,,
20230622,,
,,寸法検査表
,,
S角７４シリマ,,
,,
,,
,,
,,
,A,B
,75,
,,
=C$9-2,,
=C$9-1.9,,
=C$9-1.8,,
=C$9-1.7,,
=C$9-1.6,,
=C$9-1.5,,
=C$9-1.4,,
=C$9-1.3,,
=C$9-1.2,,
=C$9-1.1,,
=C$9-1,,
=C$9-0.9,,
=C$9-0.8,4,
=C$9-0.7,5,
=C$9-0.6,7,
=C$9-0.5,3,
=C$9-0.4,,
=C$9-0.3,1,
=C$9-0.2,,
=C$9-0.1,,
=C$9,,
=C$9+0.1,,
=C$9+0.2,,
=C$9+0.3,,
=C$9+0.4,,
=C$9+0.5,,
=C$9+0.6,,
=C$9+0.7,,
=C$9+0.8,,
=C$9+0.9,,
=C$9+1,,
=C$9+1.1,,
=C$9+1.2,,
=C$9+1.3,,
=C$9+1.4,,
=C$9+1.5,,
=C$9+1.6,,
=C$9+1.7,,
=C$9+1.8,,
=C$9+1.9,,
=C$9+2,,
20230621,,
20230621,,
20230621,,
20230621,,
20230621,,
20230621,,
20230621,,
20230621,,
20230621,,
20230621,,
20230621,,
20230621,,
20230621,,
20230621,,
20230621,,
20230621,,
20230621,,
20230621,,
20230621,,
20230621,,
20230621,,
20230621,,
20230621,,
20230621,,
20230621,,
20230621,,
20230621,,
20230621,,
20230621,,
20230621,,
20230621,,
20230621,,
20230621,,
20230621,,
20230621,,
20230621,,
20230621,,
20230621,,
20230621,,
20230621,,
20230621,,
20230621,,
20230621,,
20230621,,
20230621,,
20230621,,
20230621,,
20230621,,
20230621,,
20230621,,
20230621,,
,,寸法検査表
,,
S角７４シリマ,,
,,
,,
,,
,,
,A,B
,75,
,,
=C$9-2,,
=C$9-1.9,,
=C$9-1.8,,
=C$9-1.7,,
=C$9-1.6,,
=C$9-1.5,,
=C$9-1.4,,
=C$9-1.3,,
=C$9-1.2,,
=C$9-1.1,,
=C$9-1,,
=C$9-0.9,,
=C$9-0.8,,
=C$9-0.7,1,
=C$9-0.6,2,
=C$9-0.5,2,
=C$9-0.4,8,
=C$9-0.3,4,
=C$9-0.2,3,
=C$9-0.1,,
=C$9,,
=C$9+0.1,,
=C$9+0.2,,
=C$9+0.3,,
=C$9+0.4,,
=C$9+0.5,,
=C$9+0.6,,
=C$9+0.7,,
=C$9+0.8,,
=C$9+0.9,,
=C$9+1,,
=C$9+1.1,,
=C$9+1.2,,
=C$9+1.3,,
=C$9+1.4,,
=C$9+1.5,,
=C$9+1.6,,
=C$9+1.7,,
=C$9+1.8,,
=C$9+1.9,,
=C$9+2,,
20230620-1,,
20230620-1,,
20230620-1,,
20230620-1,,
20230620-1,,
20230620-1,,
20230620-1,,
20230620-1,,
20230620-1,,
20230620-1,,
20230620-1,,
20230620-1,,
20230620-1,,
20230620-1,,
20230620-1,,
20230620-1,,
20230620-1,,
20230620-1,,
20230620-1,,
20230620-1,,
20230620-1,,
20230620-1,,
20230620-1,,
20230620-1,,
20230620-1,,
20230620-1,,
20230620-1,,
20230620-1,,
20230620-1,,
20230620-1,,
20230620-1,,
20230620-1,,
20230620-1,,
20230620-1,,
20230620-1,,
20230620-1,,
20230620-1,,
20230620-1,,
20230620-1,,
20230620-1,,
20230620-1,,
20230620-1,,
20230620-1,,
20230620-1,,
20230620-1,,
20230620-1,,
20230620-1,,
20230620-1,,
20230620-1,,
20230620-1,,
20230620-1,,
,,寸法検査表
,,
S角７４シリマ,,
,,
,,
,,
,,
,A,B
,75,
,,
=C$9-2,,
=C$9-1.9,,
=C$9-1.8,,
=C$9-1.7,,
=C$9-1.6,,
=C$9-1.5,,
=C$9-1.4,,
=C$9-1.3,,
=C$9-1.2,,
=C$9-1.1,,
=C$9-1,5,
=C$9-0.9,4,
=C$9-0.8,4,
=C$9-0.7,2,
=C$9-0.6,4,
=C$9-0.5,,
=C$9-0.4,,
=C$9-0.3,1,
=C$9-0.2,,
=C$9-0.1,,
=C$9,,
=C$9+0.1,,
=C$9+0.2,,
=C$9+0.3,,
=C$9+0.4,,
=C$9+0.5,,
=C$9+0.6,,
=C$9+0.7,,
=C$9+0.8,,
=C$9+0.9,,
=C$9+1,,
=C$9+1.1,,
=C$9+1.2,,
=C$9+1.3,,
=C$9+1.4,,
=C$9+1.5,,
=C$9+1.6,,
=C$9+1.7,,
=C$9+1.8,,
=C$9+1.9,,
=C$9+2,,
20230620,,
20230620,,
20230620,,
20230620,,
20230620,,
20230620,,
20230620,,
20230620,,
20230620,,
20230620,,
20230620,,
20230620,,
20230620,,
20230620,,
20230620,,
20230620,,
20230620,,
20230620,,
20230620,,
20230620,,
20230620,,
20230620,,
20230620,,
20230620,,
20230620,,
20230620,,
20230620,,
20230620,,
20230620,,
20230620,,
20230620,,
20230620,,
20230620,,
20230620,,
20230620,,
20230620,,
20230620,,
20230620,,
20230620,,
20230620,,
20230620,,
20230620,,
20230620,,
20230620,,
20230620,,
20230620,,
20230620,,
20230620,,
20230620,,
20230620,,
20230620,,
,,寸法検査表
,,
S角７４シリマ,,
,,
,,
,,
,,
,A,B
,75,
,,
=C$9-2,,
=C$9-1.9,,
=C$9-1.8,,
=C$9-1.7,,
=C$9-1.6,,
=C$9-1.5,,
=C$9-1.4,,
=C$9-1.3,,
=C$9-1.2,,
=C$9-1.1,,
=C$9-1,2,
=C$9-0.9,1,
=C$9-0.8,,
=C$9-0.7,1,
=C$9-0.6,6,
=C$9-0.5,3,
=C$9-0.4,3,
=C$9-0.3,3,
=C$9-0.2,,
=C$9-0.1,1,
=C$9,,
=C$9+0.1,,
=C$9+0.2,,
=C$9+0.3,,
=C$9+0.4,,
=C$9+0.5,,
=C$9+0.6,,
=C$9+0.7,,
=C$9+0.8,,
=C$9+0.9,,
=C$9+1,,
=C$9+1.1,,
=C$9+1.2,,
=C$9+1.3,,
=C$9+1.4,,
=C$9+1.5,,
=C$9+1.6,,
=C$9+1.7,,
=C$9+1.8,,
=C$9+1.9,,
=C$9+2,,
20230616,,
20230616,,
20230616,,
20230616,,
20230616,,
20230616,,
20230616,,
20230616,,
20230616,,
20230616,,
20230616,,
20230616,,
20230616,,
20230616,,
20230616,,
20230616,,
20230616,,
20230616,,
20230616,,
20230616,,
20230616,,
20230616,,
20230616,,
20230616,,
20230616,,
20230616,,
20230616,,
20230616,,
20230616,,
20230616,,
20230616,,
20230616,,
20230616,,
20230616,,
20230616,,
20230616,,
20230616,,
20230616,,
20230616,,
20230616,,
20230616,,
20230616,,
20230616,,
20230616,,
20230616,,
20230616,,
20230616,,
20230616,,
20230616,,
20230616,,
20230616,,
,,寸法検査表
,,
S角７４シリマ,,
,,
,,
,,
,,
,A,B
,75,
,,
=C$9-2,,
=C$9-1.9,,
=C$9-1.8,,
=C$9-1.7,,
=C$9-1.6,,
=C$9-1.5,,
=C$9-1.4,,
=C$9-1.3,,
=C$9-1.2,,
=C$9-1.1,,
=C$9-1,,
=C$9-0.9,3,
=C$9-0.8,2,
=C$9-0.7,4,
=C$9-0.6,5,
=C$9-0.5,2,
=C$9-0.4,,
=C$9-0.3,3,
=C$9-0.2,1,
=C$9-0.1,,
=C$9,,
=C$9+0.1,,
=C$9+0.2,,
=C$9+0.3,,
=C$9+0.4,,
=C$9+0.5,,
=C$9+0.6,,
=C$9+0.7,,
=C$9+0.8,,
=C$9+0.9,,
=C$9+1,,
=C$9+1.1,,
=C$9+1.2,,
=C$9+1.3,,
=C$9+1.4,,
=C$9+1.5,,
=C$9+1.6,,
=C$9+1.7,,
=C$9+1.8,,
=C$9+1.9,,
=C$9+2,,
20230614,,
20230614,,
20230614,,
20230614,,
20230614,,
20230614,,
20230614,,
20230614,,
20230614,,
20230614,,
20230614,,
20230614,,
20230614,,
20230614,,
20230614,,
20230614,,
20230614,,
20230614,,
20230614,,
20230614,,
20230614,,
20230614,,
20230614,,
20230614,,
20230614,,
20230614,,
20230614,,
20230614,,
20230614,,
20230614,,
20230614,,
20230614,,
20230614,,
20230614,,
20230614,,
20230614,,
20230614,,
20230614,,
20230614,,
20230614,,
20230614,,
20230614,,
20230614,,
20230614,,
20230614,,
20230614,,
20230614,,
20230614,,
20230614,,
20230614,,
20230614,,
,,寸法検査表
,,
S角７４シリマ,,
,,
,,
,,
,,
,A,B
,75,
,,
=C$9-2,,
=C$9-1.9,,
=C$9-1.8,,
=C$9-1.7,,
=C$9-1.6,,
=C$9-1.5,,
=C$9-1.4,,
=C$9-1.3,,
=C$9-1.2,,
=C$9-1.1,,
=C$9-1,,
=C$9-0.9,,
=C$9-0.8,,
=C$9-0.7,6,
=C$9-0.6,1,
=C$9-0.5,4,
=C$9-0.4,1,
=C$9-0.3,4,
=C$9-0.2,3,
=C$9-0.1,,
=C$9,,
=C$9+0.1,1,
=C$9+0.2,,
=C$9+0.3,,
=C$9+0.4,,
=C$9+0.5,,
=C$9+0.6,,
=C$9+0.7,,
=C$9+0.8,,
=C$9+0.9,,
=C$9+1,,
=C$9+1.1,,
=C$9+1.2,,
=C$9+1.3,,
=C$9+1.4,,
=C$9+1.5,,
=C$9+1.6,,
=C$9+1.7,,
=C$9+1.8,,
=C$9+1.9,,
=C$9+2,,
20230613,,
20230613,,
20230613,,
20230613,,
20230613,,
20230613,,
20230613,,
20230613,,
20230613,,
20230613,,
20230613,,
20230613,,
20230613,,
20230613,,
20230613,,
20230613,,
20230613,,
20230613,,
20230613,,
20230613,,
20230613,,
20230613,,
20230613,,
20230613,,
20230613,,
20230613,,
20230613,,
20230613,,
20230613,,
20230613,,
20230613,,
20230613,,
20230613,,
20230613,,
20230613,,
20230613,,
20230613,,
20230613,,
20230613,,
20230613,,
20230613,,
20230613,,
20230613,,
20230613,,
20230613,,
20230613,,
20230613,,
20230613,,
20230613,,
20230613,,
20230613,,
,,寸法検査表
,,
S角７４シリマ,,
,,
,,
,,
,,
,A,B
,75,
,,
=C$9-2,,
=C$9-1.9,,
=C$9-1.8,,
=C$9-1.7,,
=C$9-1.6,,
=C$9-1.5,,
=C$9-1.4,,
=C$9-1.3,,
=C$9-1.2,,
=C$9-1.1,,
=C$9-1,,
=C$9-0.9,,
=C$9-0.8,,
=C$9-0.7,4,
=C$9-0.6,5,
=C$9-0.5,5,
=C$9-0.4,5,
=C$9-0.3,,
=C$9-0.2,1,
=C$9-0.1,,
=C$9,,
=C$9+0.1,,
=C$9+0.2,,
=C$9+0.3,,
=C$9+0.4,,
=C$9+0.5,,
=C$9+0.6,,
=C$9+0.7,,
=C$9+0.8,,
=C$9+0.9,,
=C$9+1,,
=C$9+1.1,,
=C$9+1.2,,
=C$9+1.3,,
=C$9+1.4,,
=C$9+1.5,,
=C$9+1.6,,
=C$9+1.7,,
=C$9+1.8,,
=C$9+1.9,,
=C$9+2,,
20230606,,
20230606,,
20230606,,
20230606,,
20230606,,
20230606,,
20230606,,
20230606,,
20230606,,
20230606,,
20230606,,
20230606,,
20230606,,
20230606,,
20230606,,
20230606,,
20230606,,
20230606,,
20230606,,
20230606,,
20230606,,
20230606,,
20230606,,
20230606,,
20230606,,
20230606,,
20230606,,
20230606,,
20230606,,
20230606,,
20230606,,
20230606,,
20230606,,
20230606,,
20230606,,
20230606,,
20230606,,
20230606,,
20230606,,
20230606,,
20230606,,
20230606,,
20230606,,
20230606,,
20230606,,
20230606,,
20230606,,
20230606,,
20230606,,
20230606,,
20230606,,
,,寸法検査表
,,
S角７４シリマ,,
,,
,,
,,
,,
,A,B
,75,
,,
=C$9-2,,
=C$9-1.9,,
=C$9-1.8,,
=C$9-1.7,,
=C$9-1.6,,
=C$9-1.5,,
=C$9-1.4,,
=C$9-1.3,,
=C$9-1.2,,
=C$9-1.1,,
=C$9-1,,
=C$9-0.9,,
=C$9-0.8,1,
=C$9-0.7,4,
=C$9-0.6,7,
=C$9-0.5,5,
=C$9-0.4,3,
=C$9-0.3,,
=C$9-0.2,,
=C$9-0.1,,
=C$9,,
=C$9+0.1,,
=C$9+0.2,,
=C$9+0.3,,
=C$9+0.4,,
=C$9+0.5,,
=C$9+0.6,,
=C$9+0.7,,
=C$9+0.8,,
=C$9+0.9,,
=C$9+1,,
=C$9+1.1,,
=C$9+1.2,,
=C$9+1.3,,
=C$9+1.4,,
=C$9+1.5,,
=C$9+1.6,,
=C$9+1.7,,
=C$9+1.8,,
=C$9+1.9,,
=C$9+2,,
20230602-1,,
20230602-1,,
20230602-1,,
20230602-1,,
20230602-1,,
20230602-1,,
20230602-1,,
20230602-1,,
20230602-1,,
20230602-1,,
20230602-1,,
20230602-1,,
20230602-1,,
20230602-1,,
20230602-1,,
20230602-1,,
20230602-1,,
20230602-1,,
20230602-1,,
20230602-1,,
20230602-1,,
20230602-1,,
20230602-1,,
20230602-1,,
20230602-1,,
20230602-1,,
20230602-1,,
20230602-1,,
20230602-1,,
20230602-1,,
20230602-1,,
20230602-1,,
20230602-1,,
20230602-1,,
20230602-1,,
20230602-1,,
20230602-1,,
20230602-1,,
20230602-1,,
20230602-1,,
20230602-1,,
20230602-1,,
20230602-1,,
20230602-1,,
20230602-1,,
20230602-1,,
20230602-1,,
20230602-1,,
20230602-1,,
20230602-1,,
20230602-1,,
,,寸法検査表
,,
S角７４シリマ,,
,,
,,
,,
,,
,A,B
,75,
,,
=C$9-2,,
=C$9-1.9,,
=C$9-1.8,,
=C$9-1.7,,
=C$9-1.6,,
=C$9-1.5,,
=C$9-1.4,,
=C$9-1.3,,
=C$9-1.2,,
=C$9-1.1,,
=C$9-1,,
=C$9-0.9,,
=C$9-0.8,1,
=C$9-0.7,5,
=C$9-0.6,8,
=C$9-0.5,3,
=C$9-0.4,1,
=C$9-0.3,,
=C$9-0.2,,
=C$9-0.1,2,
=C$9,,
=C$9+0.1,,
=C$9+0.2,,
=C$9+0.3,,
=C$9+0.4,,
=C$9+0.5,,
=C$9+0.6,,
=C$9+0.7,,
=C$9+0.8,,
=C$9+0.9,,
=C$9+1,,
=C$9+1.1,,
=C$9+1.2,,
=C$9+1.3,,
=C$9+1.4,,
=C$9+1.5,,
=C$9+1.6,,
=C$9+1.7,,
=C$9+1.8,,
=C$9+1.9,,
=C$9+2,,
20230602,,
20230602,,
20230602,,
20230602,,
20230602,,
20230602,,
20230602,,
20230602,,
20230602,,
20230602,,
20230602,,
20230602,,
20230602,,
20230602,,
20230602,,
20230602,,
20230602,,
20230602,,
20230602,,
20230602,,
20230602,,
20230602,,
20230602,,
20230602,,
20230602,,
20230602,,
20230602,,
20230602,,
20230602,,
20230602,,
20230602,,
20230602,,
20230602,,
20230602,,
20230602,,
20230602,,
20230602,,
20230602,,
20230602,,
20230602,,
20230602,,
20230602,,
20230602,,
20230602,,
20230602,,
20230602,,
20230602,,
20230602,,
20230602,,
20230602,,
20230602,,
,,寸法検査表
,,
S角７４シリマ,,
,,
,,
,,
,,
,A,B
,75,
,,
=C$9-2,,
=C$9-1.9,,
=C$9-1.8,,
=C$9-1.7,,
=C$9-1.6,,
=C$9-1.5,,
=C$9-1.4,,
=C$9-1.3,,
=C$9-1.2,,
=C$9-1.1,,
=C$9-1,,
=C$9-0.9,,
=C$9-0.8,,
=C$9-0.7,8,
=C$9-0.6,4,
=C$9-0.5,4,
=C$9-0.4,2,
=C$9-0.3,2,
=C$9-0.2,,
=C$9-0.1,,
=C$9,,
=C$9+0.1,,
=C$9+0.2,,
=C$9+0.3,,
=C$9+0.4,,
=C$9+0.5,,
=C$9+0.6,,
=C$9+0.7,,
=C$9+0.8,,
=C$9+0.9,,
=C$9+1,,
=C$9+1.1,,
=C$9+1.2,,
=C$9+1.3,,
=C$9+1.4,,
=C$9+1.5,,
=C$9+1.6,,
=C$9+1.7,,
=C$9+1.8,,
=C$9+1.9,,
=C$9+2,,
20230601-1,,
20230601-1,,
20230601-1,,
20230601-1,,
20230601-1,,
20230601-1,,
20230601-1,,
20230601-1,,
20230601-1,,
20230601-1,,
20230601-1,,
20230601-1,,
20230601-1,,
20230601-1,,
20230601-1,,
20230601-1,,
20230601-1,,
20230601-1,,
20230601-1,,
20230601-1,,
20230601-1,,
20230601-1,,
20230601-1,,
20230601-1,,
20230601-1,,
20230601-1,,
20230601-1,,
20230601-1,,
20230601-1,,
20230601-1,,
20230601-1,,
20230601-1,,
20230601-1,,
20230601-1,,
20230601-1,,
20230601-1,,
20230601-1,,
20230601-1,,
20230601-1,,
20230601-1,,
20230601-1,,
20230601-1,,
20230601-1,,
20230601-1,,
20230601-1,,
20230601-1,,
20230601-1,,
20230601-1,,
20230601-1,,
20230601-1,,
20230601-1,,
,,寸法検査表
,,
S角７４シリマ,,
,,
,,
,,
,,
,A,B
,75,
,,
=C$9-2,,
=C$9-1.9,,
=C$9-1.8,,
=C$9-1.7,,
=C$9-1.6,,
=C$9-1.5,,
=C$9-1.4,,
=C$9-1.3,,
=C$9-1.2,,
=C$9-1.1,,
=C$9-1,,
=C$9-0.9,,
=C$9-0.8,,
=C$9-0.7,2,
=C$9-0.6,4,
=C$9-0.5,5,
=C$9-0.4,5,
=C$9-0.3,4,
=C$9-0.2,,
=C$9-0.1,,
=C$9,,
=C$9+0.1,,
=C$9+0.2,,
=C$9+0.3,,
=C$9+0.4,,
=C$9+0.5,,
=C$9+0.6,,
=C$9+0.7,,
=C$9+0.8,,
=C$9+0.9,,
=C$9+1,,
=C$9+1.1,,
=C$9+1.2,,
=C$9+1.3,,
=C$9+1.4,,
=C$9+1.5,,
=C$9+1.6,,
=C$9+1.7,,
=C$9+1.8,,
=C$9+1.9,,
=C$9+2,,
20230601,,
20230601,,
20230601,,
20230601,,
20230601,,
20230601,,
20230601,,
20230601,,
20230601,,
20230601,,
20230601,,
20230601,,
20230601,,
20230601,,
20230601,,
20230601,,
20230601,,
20230601,,
20230601,,
20230601,,
20230601,,
20230601,,
20230601,,
20230601,,
20230601,,
20230601,,
20230601,,
20230601,,
20230601,,
20230601,,
20230601,,
20230601,,
20230601,,
20230601,,
20230601,,
20230601,,
20230601,,
20230601,,
20230601,,
20230601,,
20230601,,
20230601,,
20230601,,
20230601,,
20230601,,
20230601,,
20230601,,
20230601,,
20230601,,
20230601,,
20230601,,
,,寸法検査表
,,
S角７４シリマ,,
,,
,,
,,
,,
,A,B
,75,
,,
=C$9-2,,
=C$9-1.9,,
=C$9-1.8,,
=C$9-1.7,,
=C$9-1.6,,
=C$9-1.5,,
=C$9-1.4,,
=C$9-1.3,,
=C$9-1.2,,
=C$9-1.1,,
=C$9-1,,
=C$9-0.9,,
=C$9-0.8,,
=C$9-0.7,3,
=C$9-0.6,4,
=C$9-0.5,5,
=C$9-0.4,6,
=C$9-0.3,2,
=C$9-0.2,1,
=C$9-0.1,,
=C$9,,
=C$9+0.1,,
=C$9+0.2,,
=C$9+0.3,,
=C$9+0.4,,
=C$9+0.5,,
=C$9+0.6,,
=C$9+0.7,,
=C$9+0.8,,
=C$9+0.9,,
=C$9+1,,
=C$9+1.1,,
=C$9+1.2,,
=C$9+1.3,,
=C$9+1.4,,
=C$9+1.5,,
=C$9+1.6,,
=C$9+1.7,,
=C$9+1.8,,
=C$9+1.9,,
=C$9+2,,
,,
,,
,,
,,
サンプル,,
サンプル,,
サンプル,,
サンプル,,
サンプル,,
サンプル,,
サンプル,,
サンプル,,
サンプル,,
サンプル,,
サンプル,,
サンプル,,
サンプル,,
サンプル,,
サンプル,,
サンプル,,
サンプル,,
サンプル,,
サンプル,,
サンプル,,
サンプル,,
サンプル,,
サンプル,,
サンプル,,
サンプル,,
サンプル,,
サンプル,,
サンプル,,
サンプル,,
サンプル,,
サンプル,,
サンプル,,
サンプル,,
サンプル,,
サンプル,,
サンプル,,
サンプル,,
サンプル,,
サンプル,,
サンプル,,
サンプル,,
サンプル,,
サンプル,,
サンプル,,
サンプル,,
サンプル,,
サンプル,,
サンプル,,
サンプル,,
サンプル,,
サンプル,,
サンプル,,
サンプル,,
サンプル,,
サンプル,,
